timestamp,x,y,p,u,v,r,x_sensor,y_sensor,p_sensor,u_sensor,v_sensor,r_sensor,steering,throttle
1750848844.5212543,290638.37967025914,4117884.429283887,-1.3032274125674668,0.06586052524062232,0.3033826719889366,0.01008598913081651,290638.3838335932,4117884.405702117,-1.3910108002372739,0.06586052524062232,0.34668795662095464,0.010330473072826862,1500.0,1500.0
1750848844.5741212,290638.4107361951,4117884.4255026197,-1.3025866050692525,0.06916562224526647,0.29680145773888533,0.0077539399681779315,290638.4107443228,4117884.416135337,-1.3902530058904141,0.06916562224526647,0.2859040107094701,0.007872588001191616,1500.0,1500.0
1750848844.6686444,290638.44231043104,4117884.4245524523,-1.3022401610218135,0.06872537522344019,0.29225138670554957,0.0034959941567029866,290638.4465332207,4117884.426347556,-1.3896415698384523,0.06872537522344019,0.29781386122166237,0.0034959353506565094,1500.0,1500.0
1750848844.7706687,290638.470593957,4117884.4237331143,-1.3017640854357246,0.06747749709286824,0.2846167367936464,0.004539182988997805,290638.4642895621,4117884.425905553,-1.3889680891146317,0.06747749709286824,0.3399333658429998,0.004517917521297932,1500.0,1500.0
1750848844.8784668,290638.4997677655,4117884.4203908956,-1.3015014395117934,0.0696862983334014,0.27849684085786064,0.0027789039274083807,290638.4995260322,4117884.4139253204,-1.3885282915619703,0.0696862983334014,0.24345767604508894,0.0028011100366711617,1500.0,1500.0
1750848844.9684103,290638.53166503465,4117884.4147958695,-1.3015101818607693,0.07501173160623709,0.27580256862063934,-0.0002946793094797832,290638.5436406709,4117884.401724087,-1.3880218887944324,0.07501173160623709,0.31310281399134104,-0.0002871046890504658,1500.0,1500.0
1750848845.0724068,290638.56227335177,4117884.4074117206,-1.3010239972037079,0.08158144966272025,0.2716406244482138,0.0050005081022579095,290638.56999896816,4117884.3899648576,-1.3875445404711517,0.08158144966272025,0.3731009905571825,0.0050414372235536575,1500.0,1500.0
1750848845.1682634,290638.593694057,4117884.4033935377,-1.300766304504946,0.08342974752633867,0.26964021332350874,0.001255576481806765,290638.6057878682,4117884.400177076,-1.3870475824047825,0.08342974752633867,0.33890724314771736,0.0011625102488324046,1500.0,1500.0
1750848845.2692842,290638.62955222017,4117884.3997580023,-1.3000869520095988,0.08558912527275929,0.2729962360985205,0.005587942291960345,290638.6590568925,4117884.3988510673,-1.3867312401134146,0.08558912527275929,0.3623646622252257,0.005504212807863951,1500.0,1500.0
1750848845.36864,290638.6636935677,4117884.391749045,-1.2997959330486715,0.092408411276594,0.27306188067337606,0.0036212677627675198,290638.68513897527,4117884.3759956122,-1.3869740113205238,0.092408411276594,0.4312164931802638,0.0037066119257360697,1500.0,1500.0
1750848845.471909,290638.7019785753,4117884.3895758176,-1.2998684922673085,0.09216439541576751,0.27901895166317986,-0.0013171200839612437,290638.7389604291,4117884.3968620547,-1.38748674400359,0.09216439541576751,0.3801904056190552,-0.0013644590508192778,1500.0,1500.0
1750848845.5217226,290638.7019785753,4117884.3895758176,-1.2998684922673085,0.09216439541576751,0.27901895166317986,-0.0013171200839612437,290638.7389604291,4117884.3968620547,-1.38748674400359,0.09216439541576751,0.3801904056190552,-0.0013644590508192778,1500.0,1500.0
1750848845.5765367,290638.74013378937,4117884.387780578,-1.3000158623878941,0.09142104045125295,0.2841190383675879,-0.0013709977942834013,290638.77447311423,4117884.3959780494,-1.3881629510332838,0.09142104045125295,0.45791274882424904,-0.0013671481283381581,1500.0,1500.0
1750848845.6683629,290638.7781157533,4117884.386304926,-1.3007637661559708,0.09030872555735184,0.2884129496819585,-0.007338942111444077,290638.80998579937,4117884.3950940436,-1.3889538361218408,0.09030872555735184,0.3728406526827432,-0.007333523593842983,1500.0,1500.0
1750848845.7750401,290638.81397590303,4117884.3802388157,-1.3013828583066636,0.09442266054473071,0.28879039740713663,-0.004348824799568557,290638.8360678825,4117884.3722385895,-1.3897589059442315,0.09442266054473071,0.3852284176602299,-0.00419125659391284,1500.0,1500.0
1750848845.869047,290638.8461242948,4117884.3751353864,-1.3025582554193893,0.09597678355224706,0.2851291176512905,-0.010453792291699567,290638.853824224,4117884.371796587,-1.3906433931940976,0.09597678355224706,0.3062174238820369,-0.010348358191549778,1500.0,1500.0
1750848845.968318,290638.88058725075,4117884.373169269,-1.3037495427849342,0.09401731246610191,0.2852292575811688,-0.012461307494876964,290638.89849129214,4117884.3817878067,-1.3913128233081635,0.09401731246610191,0.2697766088657414,-0.012511107139289379,1500.0,1500.0
1750848846.0679722,290638.9114714248,4117884.3667943575,-1.3044119974589363,0.09685855537332254,0.28036952971741563,-0.005704308254832702,290638.9156952071,4117884.3591533527,-1.3919529084745614,0.09685855537332254,0.3352322002259681,-0.005623059347271919,1500.0,1500.0
1750848846.1706028,290638.94293691346,4117884.3588704215,-1.305254907522942,0.10136050103757678,0.27651071324230775,-0.007720743417348429,290638.9509316756,4117884.347173122,-1.392471625811905,0.10136050103757678,0.2672152683679501,-0.007649645674973726,1500.0,1500.0
1750848846.2686443,290638.97502345906,4117884.354553318,-1.305758957782897,0.10101897254382937,0.2746170869797337,-0.005688210185533034,290638.98672057304,4117884.357385344,-1.3928666088717676,0.10101897254382937,0.2900673884948456,-0.005739138927310705,1500.0,1500.0
1750848846.3715274,290639.009455206,4117884.3459932557,-1.3064128314966723,0.10642990894750964,0.2747690175660828,-0.006708719764509061,290639.0305589983,4117884.334087888,-1.3931870244523266,0.10642990894750964,0.3384553257521653,-0.0067023709416389465,1500.0,1500.0
1750848846.471801,290639.0442107949,4117884.341169984,-1.306526636804348,0.10663796191108017,0.2760362629267435,-0.001999160944289472,290639.06634789787,4117884.344300108,-1.393649616075055,0.10663796191108017,0.39026065007376554,-0.002065366832539439,1500.0,1500.0
1750848846.5216348,290639.0442107949,4117884.341169984,-1.306526636804348,0.10663796191108017,0.2760362629267435,-0.001999160944289472,290639.06634789787,4117884.344300108,-1.393649616075055,0.10663796191108017,0.39026065007376554,-0.002065366832539439,1500.0,1500.0
1750848846.571882,290639.0829238457,4117884.3370686034,-1.306877278293324,0.10679055576988315,0.28176449142940463,-0.004600034579113901,290639.11961692246,4117884.3429741026,-1.3941965479300464,0.10679055576988315,0.405331381483834,-0.004685725551098585,1500.0,1500.0
1750848846.6685755,290639.12137426785,4117884.331280917,-1.3078292231987367,0.1089015580947424,0.2860885650666259,-0.010436076106331514,290639.1548533936,4117884.3309938735,-1.3949049638969468,0.1089015580947424,0.44053336452368425,-0.010500873439013958,1500.0,1500.0
1750848846.768775,290639.163302707,4117884.328785125,-1.3083524409245282,0.10744034770684244,0.2944428028312679,-0.006785414765706034,290639.20839863236,4117884.340764093,-1.3958206044983728,0.10744034770684244,0.4035662296267701,-0.006913711316883564,1500.0,1500.0
1750848846.8687885,290639.2063998977,4117884.3292484474,-1.3089796884816693,0.10272632204998441,0.30360389868590437,-0.007806463628286095,290639.2530657002,4117884.350755315,-1.3970237774948906,0.10272632204998441,0.49558079520525156,-0.007946046069264412,1500.0,1500.0
1750848846.9764116,290639.25035159796,4117884.3248996986,-1.3097695391539863,0.10461509224618691,0.311547632545382,-0.007615851202316931,290639.2969041283,4117884.3274578596,-1.398013591124716,0.10461509224618691,0.44071397772914594,-0.007593707647174597,1500.0,1500.0
1750848847.0685978,290639.291319367,4117884.3213477014,-1.3106484685573911,0.1045877721429857,0.3152126295762307,-0.008401824751908453,290639.32353864284,4117884.3267948576,-1.398933249245921,0.1045877721429857,0.44728915798496555,-0.008377240970730782,1500.0,1500.0
1750848847.1684341,290639.33142202627,4117884.3184182947,-1.3115951013559277,0.10354603627069466,0.3175440606963295,-0.008759019832432314,290639.3590513236,4117884.325910855,-1.400168600904807,0.10354603627069466,0.3891749688930048,-0.008713437244296074,1500.0,1500.0
1750848847.2707064,290639.3688387565,4117884.3136488986,-1.3123101631791267,0.10425803450587601,0.3161687792156838,-0.005474065409600889,290639.3854096245,4117884.3141516275,-1.4010011974234162,0.10425803450587601,0.38624951552632564,-0.0053471107967197895,1500.0,1500.0
1750848847.3686378,290639.40578160144,4117884.3121161936,-1.3126904041802094,0.10078258457410089,0.315084985871969,-0.002739768084275524,290639.42119852133,4117884.32436385,-1.4016616341139325,0.10078258457410089,0.3217442763908311,-0.0026736329309642315,1500.0,1500.0
1750848847.474754,290639.4422910234,4117884.3109602733,-1.3132858472095428,0.0971452254408213,0.3137384274012561,-0.004577483762039807,290639.4567112045,4117884.3234798475,-1.4024802992025243,0.0971452254408213,0.335396570244343,-0.0044879913330078125,1500.0,1500.0
1750848847.5214553,290639.4422910234,4117884.3109602733,-1.3132858472095428,0.0971452254408213,0.3137384274012561,-0.004577483762039807,290639.4567112045,4117884.3234798475,-1.4024802992025243,0.0971452254408213,0.335396570244343,-0.0044879913330078125,1500.0,1500.0
1750848847.5685034,290639.4746290312,4117884.3028677334,-1.314130956596357,0.10154414328884008,0.3065069561431237,-0.005019355267770042,290639.4736389072,4117884.2897491697,-1.403008400680363,0.10154414328884008,0.34357037072609475,-0.004743156023323536,1500.0,1500.0
1750848847.670171,290639.510847236,4117884.2982500554,-1.3150522277196124,0.10195942788847293,0.305322855689232,-0.007843226892968451,290639.5271841455,4117884.2995193917,-1.4035546474461524,0.10195942788847293,0.26871693914719635,-0.007741650566458702,1500.0,1500.0
1750848847.7685895,290639.54493362387,4117884.2920126608,-1.3154816690791582,0.10383863312244015,0.30157627873919757,-0.0024042717111641345,290639.5535424467,4117884.2877601646,-1.4039338522052667,0.10383863312244015,0.388106310246662,-0.0022560148499906063,1500.0,1500.0
1750848847.8683412,290639.57900298387,4117884.2842975794,-1.316287191774052,0.10728363392743202,0.29803610004060926,-0.00637511171766694,290639.58877891407,4117884.275779937,-1.4043592431911034,0.10728363392743202,0.31766655002944894,-0.006237351801246405,1500.0,1500.0
1750848847.9686906,290639.61501313135,4117884.2801684914,-1.3168991676011448,0.10630300424498991,0.29786272421229637,-0.005985866954404217,290639.63344598387,4117884.2857711604,-1.4048220705925212,0.10630300424498991,0.35217268706573324,-0.0059840865433216095,1500.0,1500.0
1750848848.0704484,290639.648996543,4117884.2744309157,-1.3173571955475016,0.10697462223896399,0.2951136002190295,-0.0039133292291114305,290639.6598042851,4117884.2740119337,-1.40521536425061,0.10697462223896399,0.3994445133271197,-0.0038626568857580423,1500.0,1500.0
1750848848.1681986,290639.68682339456,4117884.271995652,-1.3182139270145479,0.10431083388267104,0.2977211680772343,-0.009661326013879742,290639.7133495233,4117884.2837821576,-1.4057335148838164,0.10431083388267104,0.3320830867077314,-0.009761793538928032,1500.0,1500.0
1750848848.2690392,290639.72426242736,4117884.2652100166,-1.3188406597697082,0.1072002258275375,0.2987219234089776,-0.006038979859013613,290639.7483097799,4117884.2607057053,-1.4063404591621325,0.1072002258275375,0.45932779407005514,-0.00601615384221077,1500.0,1500.0
1750848848.3682363,290639.7632863848,4117884.261904254,-1.3197051364576682,0.1057604595776754,0.3020501470201904,-0.009669434678185696,290639.7929768496,4117884.2706969287,-1.4071512012606986,0.1057604595776754,0.3878408122322868,-0.00976074580103159,1500.0,1500.0
1750848848.471452,290639.801809439,4117884.2592733237,-1.3204287401714137,0.10352280317912138,0.30449979424743184,-0.008076392553435847,290639.82848953496,4117884.269812928,-1.408065999405251,0.10352280317912138,0.4515999222433716,-0.008156171068549156,1500.0,1500.0
1750848848.5214272,290639.801809439,4117884.2592733237,-1.3204287401714137,0.10352280317912138,0.30449979424743184,-0.008076392553435847,290639.82848953496,4117884.269812928,-1.408065999405251,0.10352280317912138,0.4515999222433716,-0.008156171068549156,1500.0,1500.0
1750848848.5722535,290639.8416786606,4117884.254685322,-1.3212436567275814,0.10419077327960442,0.30779226703704926,-0.008236087137760417,290639.87260417594,4117884.257611702,-1.4090343014607765,0.10419077327960442,0.39699007069089864,-0.008247795514762402,1500.0,1500.0
1750848848.6687708,290639.8864186449,4117884.248226723,-1.3222463913799036,0.10800854841201679,0.3158329446725684,-0.009790767856522734,290639.9344751608,4117884.244968475,-1.410132895428286,0.10800854841201679,0.43249838749927294,-0.009769594296813011,1500.0,1500.0
1750848848.7680826,290639.9299252248,4117884.245264885,-1.3227374761768966,0.10673699076796349,0.32205661043342315,-0.0048276060470706424,290639.97026405483,4117884.2551807007,-1.4111943158833538,0.10673699076796349,0.5209830323603534,-0.004836904350668192,1500.0,1500.0
1750848848.8688245,290639.9721899404,4117884.240468687,-1.3232600540124004,0.10755878320178046,0.3257086606488292,-0.003885428286896609,290640.0055005274,4117884.2432004744,-1.41208935901806,0.10755878320178046,0.4167983261250974,-0.0037887657526880503,1500.0,1500.0
1750848848.974625,290640.01332784665,4117884.2365102144,-1.323984064331449,0.10696569145590329,0.32775739540604387,-0.00571655373067839,290640.0410132107,4117884.242316474,-1.4130616581002067,0.10696569145590329,0.3936379044187784,-0.005610085558146238,1500.0,1500.0
1750848849.0682776,290640.0552179111,4117884.2283017086,-1.324614813057638,0.11175708670552938,0.32962398646107116,-0.0032487479123581354,290640.08485164144,4117884.2190190246,-1.4138612358969487,0.11175708670552938,0.39847157996392946,-0.0030051509384065866,1500.0,1500.0
1750848849.168689,290640.09414470126,4117884.2239029715,-1.325347026994264,0.11066258212224765,0.3285725440400567,-0.005577518969331705,290640.1117623667,4117884.2294522496,-1.414446861340589,0.11066258212224765,0.36134374075944004,-0.0054533169604837894,1500.0,1500.0
1750848849.2688365,290640.1285119283,4117884.2180257533,-1.3256921574273757,0.11059668315185606,0.3222246015008432,-0.0009346282381893611,290640.12924249563,4117884.2179140253,-1.4147491352085801,0.11059668315185606,0.3400930440198318,-0.0007433357532136142,1500.0,1500.0
1750848849.3757591,290640.1626461248,4117884.215642097,-1.3262963656723912,0.10621804685635783,0.3170925198798378,-0.005222469528731832,290640.1650313918,4117884.2281262507,-1.4149745615948246,0.10621804685635783,0.24915809954355939,-0.005176872480660677,1500.0,1500.0
1750848849.471769,290640.19657470426,4117884.2113946765,-1.3266331603132093,0.10462786364883112,0.3120866144278195,-0.002051834998995833,290640.2002678624,4117884.2161460263,-1.4151842339706748,0.10462786364883112,0.2964923127885812,-0.001958379987627268,1500.0,1500.0
1750848849.5221848,290640.19657470426,4117884.2113946765,-1.3266331603132093,0.10462786364883112,0.3120866144278195,-0.002051834998995833,290640.2002678624,4117884.2161460263,-1.4151842339706748,0.10462786364883112,0.2964923127885812,-0.001958379987627268,1500.0,1500.0
1750848849.568953,290640.2322698572,4117884.2078814167,-1.3271526463694658,0.1026857233953632,0.3098918309510487,-0.004656849224534084,290640.24465871893,4117884.215041027,-1.41541164089634,0.1026857233953632,0.3470683611941581,-0.004626320209354162,1500.0,1500.0
1750848849.6696925,290640.2677268694,4117884.2050741003,-1.3281430907146905,0.10008760862958427,0.3078429344119095,-0.010573154544272451,290640.2801714046,4117884.214157028,-1.415650046795012,0.10008760862958427,0.403894022247662,-0.01063723023980856,1500.0,1500.0
1750848849.7750502,290640.3029993594,4117884.202862716,-1.328648709245576,0.09704246621455268,0.30596704933868124,-0.006133299741304448,290640.315684088,4117884.2132730293,-1.4159329943575039,0.09704246621455268,0.3734350196156788,-0.006230680737644434,1500.0,1500.0
1750848849.8684123,290640.3381706663,4117884.2036117967,-1.329493817499438,0.0907232487635203,0.3047525077691283,-0.010896562902951884,290640.35147298384,4117884.2234852556,-1.416350868236865,0.0907232487635203,0.36266192921364926,-0.01111216377466917,1500.0,1500.0
1750848849.9685729,290640.37695173966,4117884.204325986,-1.3300956726374076,0.08592643344144925,0.30779713555774674,-0.008752755591880384,290640.40474200883,4117884.222159258,-1.4167687462663519,0.08592643344144925,0.3872106115998039,-0.008989265188574791,1500.0,1500.0
1750848850.0682378,290640.417050909,4117884.2025559912,-1.3306812581579028,0.08500922766896717,0.3114948226544065,-0.007853960583897842,290640.44885665283,4117884.2099580346,-1.4172843603004297,0.08500922766896717,0.4600173570555302,-0.008020138368010521,1500.0,1500.0
1750848850.176686,290640.45831993804,4117884.2010181905,-1.3311184529671907,0.08409870953449128,0.3160744203728543,-0.0059086206947032175,290640.49324750935,4117884.208853037,-1.4180777991541744,0.08409870953449128,0.4253739793919864,-0.006041498389095068,1500.0,1500.0
1750848850.268428,290640.50432696746,4117884.202001462,-1.3313044679965023,0.08106246587334257,0.32587254404881655,-0.0034511612491364106,290640.5556709175,4117884.2184022656,-1.4188496311256824,0.08106246587334257,0.4502522525467064,-0.0036041950806975365,1500.0,1500.0
1750848850.3689804,290640.5507294977,4117884.202854469,-1.3320071077130136,0.07859264738074652,0.334781863194758,-0.008279243523876002,290640.6000617739,4117884.2172972686,-1.419639529083036,0.07859264738074652,0.5255001060652498,-0.0084040192887187,1500.0,1500.0
1750848850.47144,290640.59552823915,4117884.20361218,-1.3323704030585979,0.0761750542729278,0.3406606654595866,-0.003879960290373999,290640.63557445724,4117884.216413271,-1.4205337126998774,0.0761750542729278,0.48005561755883824,-0.003924752585589886,1500.0,1500.0
1750848850.5217416,290640.59552823915,4117884.20361218,-1.3323704030585979,0.0761750542729278,0.3406606654595866,-0.003879960290373999,290640.63557445724,4117884.216413271,-1.4205337126998774,0.0761750542729278,0.48005561755883824,-0.003924752585589886,1500.0,1500.0
1750848850.5686805,290640.6406758359,4117884.204192648,-1.3326134543324302,0.07429220259387115,0.3461192578758288,-0.0019471684082370412,290640.67996531137,4117884.2153082746,-1.421174604186117,0.07429220259387115,0.4176005559843356,-0.0019340323051437736,1500.0,1500.0
1750848850.6683552,290640.68233061,4117884.2022644226,-1.3332276279679744,0.07503002911319519,0.3464424421171379,-0.004716174971693,290640.7063236118,4117884.2035490517,-1.421726539758325,0.07503002911319519,0.4247206374352989,-0.004614405333995819,1500.0,1500.0
1750848850.7790942,290640.7227707408,4117884.20298385,-1.3335464359158506,0.0721851467551234,0.3457966958436725,-0.0026611605027982493,290640.74211250944,4117884.2137612794,-1.421998239377475,0.0721851467551234,0.34120072718015415,-0.0026401570066809654,1500.0,1500.0
1750848850.8686068,290640.76024887303,4117884.2036322467,-1.3340722698597134,0.069228707764333,0.34185582202494336,-0.005015020493951059,290640.7687470219,4117884.213098282,-1.4221799071276913,0.069228707764333,0.3165089445743107,-0.005011331755667925,1500.0,1500.0
1750848850.9777215,290640.7988305484,4117884.2040581084,-1.3342559841232817,0.06712179504365896,0.33966244124508427,-0.0016469402218846653,290640.813137876,4117884.211993286,-1.4222469265744404,0.06712179504365896,0.3412838171631271,-0.001646203687414527,1500.0,1500.0
1750848851.0687778,290640.8347613529,4117884.206870489,-1.33464138436758,0.06187327213655364,0.3351524936776987,-0.0049198248718274485,290640.84004860267,4117884.222426513,-1.4221911700685947,0.06187327213655364,0.35606424837375955,-0.0050231534987688065,1500.0,1500.0
1750848851.175334,290640.87386947294,4117884.206623253,-1.3353717584281926,0.061650508043025076,0.33433923317186415,-0.0083627672605548,290640.89304141793,4117884.210004294,-1.422174814263761,0.061650508043025076,0.34632548640310995,-0.00845145620405674,1500.0,1500.0
1750848851.2688878,290640.91030889744,4117884.206315077,-1.3354712478318598,0.06103394972286915,0.3305904917624357,-0.002053069487554234,290640.91967592813,4117884.209341296,-1.4222100163829778,0.06103394972286915,0.40169961491304307,-0.0021393727511167526,1500.0,1500.0
1750848851.3704543,290640.9480725979,4117884.2033510455,-1.3359494165796828,0.06399903344224595,0.32840339503538235,-0.005427195864015735,290640.96379057283,4117884.197140076,-1.422417902114153,0.06399903344224595,0.36055723192233696,-0.005469920579344034,1500.0,1500.0
1750848851.471473,290640.9870782521,4117884.2005262068,-1.3358355767532895,0.06663479435922984,0.32795112276151533,0.0007287635645663723,290641.00818142924,4117884.1960350815,-1.422606067148442,0.06663479435922984,0.4150472532229914,0.0007010743720456958,1500.0,1500.0
1750848851.5297582,290640.9870782521,4117884.2005262068,-1.3358355767532895,0.06663479435922984,0.32795112276151533,0.0007287635645663723,290641.00818142924,4117884.1960350815,-1.422606067148442,0.06663479435922984,0.4150472532229914,0.0007010743720456958,1500.0,1500.0
1750848851.57035,290641.0290158357,4117884.1953244815,-1.3360839588092457,0.07237999021557143,0.3304964460039656,-0.0021679568337772443,290641.06117424264,4117884.1836128626,-1.4229848745843638,0.07237999021557143,0.41285323743432445,-0.002130552427843213,1500.0,1500.0
1750848851.66798,290641.06986852956,4117884.1906717555,-1.3361204001745746,0.07650833847727229,0.3315621347754849,6.8713276297189725e-06,290641.096686926,4117884.182728867,-1.4232955217886658,0.07650833847727229,0.4500046285156931,4.446150705916807e-05,1500.0,1500.0
1750848851.76806,290641.10976553394,4117884.18901503,-1.3356542147197201,0.0762363953604193,0.33190824028548477,0.004917908533650817,290641.1324758209,4117884.192941097,-1.4234780015693504,0.0762363953604193,0.4151603360060666,0.00492975115776062,1500.0,1500.0
1750848851.8893392,290641.14876916335,4117884.1875539604,-1.3354278267791444,0.07556773349862542,0.33122930798416833,0.003122108958506467,290641.1679885065,4117884.192057101,-1.423708908570605,0.07556773349862542,0.38831242985888825,0.003179623279720545,1500.0,1500.0
1750848851.978083,290641.1870184699,4117884.1887323707,-1.3353318711913602,0.0715960376224337,0.330228838469382,0.0012564536412042304,290641.2037774011,4117884.2022693316,-1.4237619080121884,0.0715960376224337,0.37638255296416456,0.0012577744200825691,1500.0,1500.0
1750848852.0688488,290641.22635713173,4117884.184753724,-1.335883714376116,0.07464877317153705,0.3297373688913658,-0.00397648516995965,290641.2476158326,4117884.1789718876,-1.4240398034857429,0.07464877317153705,0.38037008773364056,-0.003849932225421071,1500.0,1500.0
1750848852.169044,290641.26492377743,4117884.1836872566,-1.3366898133667602,0.07360291913892823,0.32892207182855726,-0.00813349483311363,290641.28340472945,4117884.1891841176,-1.4243768381655093,0.07360291913892823,0.37727093164283926,-0.008146983571350574,1500.0,1500.0
1750848852.2689989,290641.3065556634,4117884.187523612,-1.337073195129775,0.06721568688827097,0.3325258814210962,-0.005519168123699899,290641.33722617914,4117884.2100505754,-1.424749005651071,0.06721568688827097,0.3827807792100035,-0.005681133363395929,1500.0,1500.0
1750848852.3682458,290641.3470926025,4117884.1883842694,-1.3380390782904497,0.06507248141240667,0.33390030815197613,-0.01086378871256462,290641.37246265117,4117884.1980703566,-1.4252148644328986,0.06507248141240667,0.4310031538050286,-0.010969213210046291,1500.0,1500.0
1750848852.471702,290641.38666690665,4117884.189030869,-1.3387494602138648,0.06325481286234437,0.3339625619846327,-0.00819588138022092,290641.40797533444,4117884.1971863625,-1.4258714670126014,0.06325481286234437,0.4073213697709917,-0.008290587924420834,1500.0,1500.0
1750848852.5271873,290641.38666690665,4117884.189030869,-1.3387494602138648,0.06325481286234437,0.3339625619846327,-0.00819588138022092,290641.40797533444,4117884.1971863625,-1.4258714670126014,0.06325481286234437,0.4073213697709917,-0.008290587924420834,1500.0,1500.0
1750848852.5697887,290641.42534395854,4117884.1870102207,-1.3396085768329196,0.06476000384225324,0.33255448956323536,-0.009211007952518176,290641.44321180886,4117884.185206143,-1.4264176800342498,0.06476000384225324,0.4093565196314762,-0.009254560805857182,1500.0,1500.0
1750848852.6690528,290641.4669706691,4117884.184971822,-1.3403466649662357,0.06661611505686856,0.3346931019504386,-0.00842664564918565,290641.4964808338,4117884.183880152,-1.426950452468318,0.06661611505686856,0.34980930337549465,-0.008503496646881104,1500.0,1500.0
1750848852.7689974,290641.50939606386,4117884.1854613055,-1.3407451413949727,0.06523902760000444,0.3378763284134844,-0.0055055392211972795,290641.5411478989,4117884.193871385,-1.4276125024409256,0.06523902760000444,0.4620266446101087,-0.005633433815091848,1500.0,1500.0
1750848852.868422,290641.5525047227,4117884.1881867386,-1.340997996860459,0.0613832584356775,0.3417784295547506,-0.004473427712838462,290641.5858149638,4117884.2038626177,-1.4280251070352203,0.0613832584356775,0.4380105158591,-0.004644917789846659,1500.0,1500.0
1750848852.9686406,290641.59422423696,4117884.1855282024,-1.3410649403544062,0.06434409579721843,0.342692845586796,-0.00041435808471511354,290641.62077522755,4117884.180786175,-1.4283283267504696,0.06434409579721843,0.45922458834454477,-0.00038752888212911785,1500.0,1500.0
1750848853.0686638,290641.6366023455,4117884.182987513,-1.341257663830646,0.06689725086170163,0.3442549981185497,-0.001830851245764284,290641.6651660839,4117884.1796811833,-1.4285046918512416,0.06689725086170163,0.4238300186203776,-0.0018184741493314505,1500.0,1500.0
1750848853.1727812,290641.67587878945,4117884.1831748076,-1.3412657807777557,0.06521607664540009,0.3425229929560107,-0.0006955933683754141,290641.6920768049,4117884.190114414,-1.4286142816544691,0.06521607664540009,0.38876160392508935,-0.0007528033456765115,1500.0,1500.0
1750848853.2686064,290641.7141807699,4117884.180778545,-1.341105201742841,0.06674271797484012,0.3394947422342559,0.002000271467162226,290641.72731327964,4117884.178134196,-1.4285418947025084,0.06674271797484012,0.3384291208293524,0.0020342208445072174,1500.0,1500.0
1750848853.3685305,290641.7516779581,4117884.1785806045,-1.3413607194028982,0.06771483258818799,0.33598736879615004,-0.002902792253723733,290641.7628259652,4117884.177250203,-1.4283486039853035,0.06771483258818799,0.34052437172785427,-0.0029271538369357586,1500.0,1500.0
1750848853.4717314,290641.7903478511,4117884.176503137,-1.341298635629774,0.06863654192343305,0.3343060426026699,1.0565075418221362e-05,290641.80721681926,4117884.1761452123,-1.4281954303486357,0.06863654192343305,0.3338968487270952,-3.5074317565886304e-05,1500.0,1500.0
1750848853.5241578,290641.7903478511,4117884.176503137,-1.341298635629774,0.06863654192343305,0.3343060426026699,1.0565075418221362e-05,290641.80721681926,4117884.1761452123,-1.4281954303486357,0.06863654192343305,0.3338968487270952,-3.5074317565886304e-05,1500.0,1500.0
1750848853.568672,290641.826419415,4117884.1771416445,-1.3411262698365887,0.06565376339862034,0.33033376945589127,0.00027442621866048477,290641.83412754233,4117884.186578443,-1.4280003812646942,0.06565376339862034,0.39004745157843934,0.00015014104428701103,1500.0,1500.0
1750848853.672958,290641.86203330377,4117884.1776342983,-1.3410440344474468,0.0631549883785004,0.3263511023356454,-0.0006769473171461347,290641.86964022776,4117884.1856944505,-1.4277890423043316,0.0631549883785004,0.3189219523537876,-0.0008030022727325559,1500.0,1500.0
1750848853.768418,290641.8972891906,4117884.17797528,-1.340850338907833,0.061102994261884806,0.3224723958913713,0.00048619075759632124,290641.905152911,4117884.1848104587,-1.427547142321081,0.061102994261884806,0.3415495860403873,0.0003656218759715557,1500.0,1500.0
1750848853.8687112,290641.93227433285,4117884.178159428,-1.3409522251880288,0.05945776003363297,0.31878307638542563,-0.0025552946825536183,290641.9406655942,4117884.1839264664,-1.427517321971374,0.05945776003363297,0.3436936282726884,-0.0026808027178049088,1500.0,1500.0
1750848853.9686038,290641.96706406906,4117884.1781884814,-1.3408768827061506,0.058169074357821475,0.31534540025474717,-0.0005430338788783378,290641.9761782797,4117884.1830424746,-1.4275533378385774,0.058169074357821475,0.36063400005388174,-0.0006489650113508105,1500.0,1500.0
1750848854.0687957,290642.0036126128,4117884.1804711213,-1.3411869641635374,0.05459121609402388,0.3147404116317878,-0.00540497530161422,290642.020845344,4117884.1930337097,-1.427625875104167,0.05459121609402388,0.3701069600923948,-0.005599831230938435,1500.0,1500.0
1750848854.1684854,290642.0416799577,4117884.179789038,-1.3416887955339474,0.05537619942561276,0.31546275301752663,-0.006821172677654917,290642.06495999,4117884.1808324954,-1.4278263040896302,0.05537619942561276,0.3992426007708544,-0.006959202699363232,1500.0,1500.0
1750848854.2692246,290642.0811325928,4117884.1789400615,-1.3420780118630287,0.05650032610877577,0.31763954311067477,-0.00573069635358787,290642.10935084394,4117884.1797275064,-1.428186492067992,0.05650032610877577,0.418469251323468,-0.005871057044714689,1500.0,1500.0
1750848854.369894,290642.12179873884,4117884.177950905,-1.3429065580398913,0.05785610419350882,0.32088340811290894,-0.01051207407316254,290642.1537416979,4117884.1786225173,-1.4287432442006598,0.05785610419350882,0.40150318630628845,-0.010681798681616783,1500.0,1500.0
1750848854.4718173,290642.16158404347,4117884.171983877,-1.3434809866540673,0.06497311782374038,0.3218833943913736,-0.006473897781714466,290642.18870196096,4117884.1555460766,-1.4293754791060527,0.06497311782374038,0.4200679217862048,-0.0065017337910830975,1500.0,1500.0
1750848854.5285504,290642.16158404347,4117884.171983877,-1.3434809866540673,0.06497311782374038,0.3218833943913736,-0.006473897781714466,290642.18870196096,4117884.1555460766,-1.4293754791060527,0.06497311782374038,0.4200679217862048,-0.0065017337910830975,1500.0,1500.0
1750848854.5710604,290642.20444018225,4117884.1738542486,-1.344116549636737,0.06206989393070252,0.3275221764641582,-0.009406000522146109,290642.24279961817,4117884.187508765,-1.4301801890194716,0.06206989393070252,0.4106968286530544,-0.009659451432526112,1500.0,1500.0
1750848854.6685581,290642.24995811074,4117884.1801835005,-1.3442287243725928,0.054458191900045326,0.3361572557934582,-0.0044925168615937905,290642.2966210651,4117884.2083752304,-1.4309870938519755,0.054458191900045326,0.46830389442281006,-0.004793192725628614,1500.0,1500.0
1750848854.7691534,290642.29581113474,4117884.183060781,-1.3443283166260973,0.0520442086529916,0.3434570403046343,-0.002289015133205508,290642.34073570906,4117884.196174018,-1.4316475320259703,0.0520442086529916,0.4985201450024654,-0.0024071168154478073,1500.0,1500.0
1750848854.8790536,290642.34009648085,4117884.187838466,-1.3446905629856938,0.047288540693101754,0.3482928415197959,-0.0051756427133601264,290642.37652460195,4117884.2063862523,-1.4321242379129722,0.047288540693101754,0.4646128261758907,-0.005321853328496218,1500.0,1500.0
1750848854.9686878,290642.38477959513,4117884.1941827536,-1.3443396612329541,0.04123769610902866,0.35318080967052573,0.0024398531507255294,290642.4211916678,4117884.2163774907,-1.4323395642540533,0.04123769610902866,0.41351499397277813,0.0023252195678651333,1500.0,1500.0
1750848855.0682762,290642.42602792056,4117884.1995245544,-1.3445321408552593,0.036577169339134345,0.35333484921571784,-0.0026531888094282153,290642.44782618,4117884.2157144984,-1.4323527029641776,0.036577169339134345,0.405073086366318,-0.0027326506096869707,1500.0,1500.0
1750848855.1765053,290642.4623841244,4117884.206453609,-1.3444323406069927,0.029705614127629454,0.348147002915743,-9.525838598741442e-05,290642.46585873124,4117884.2263687286,-1.4322331403155732,0.029705614127629454,0.34184223545135095,-0.00020711906836368144,1500.0,1500.0
1750848855.2691426,290642.4999504043,4117884.2120701927,-1.3442077822090759,0.02554369521423153,0.3448262542810748,0.0014589436551211822,290642.5102495872,4117884.225263742,-1.431762400104984,0.02554369521423153,0.288011224042089,0.0013798612635582685,1500.0,1500.0
1750848855.3686695,290642.5349044837,4117884.2141457526,-1.344529131439756,0.025835009449216968,0.33841259591900524,-0.003649202239588649,290642.5366078897,4117884.2135045244,-1.4314386372290644,0.025835009449216968,0.3391141784673917,-0.0036815223284065723,1500.0,1500.0
1750848855.4718556,290642.56944321987,4117884.2130217915,-1.3448924414506187,0.02999007649106407,0.3318787434170086,-0.004140657030418012,290642.5718443631,4117884.2015243093,-1.4310522769419356,0.02999007649106407,0.2903125510381208,-0.004163033794611692,1500.0,1500.0
1750848855.5215747,290642.56944321987,4117884.2130217915,-1.3448924414506187,0.02999007649106407,0.3318787434170086,-0.004140657030418012,290642.5718443631,4117884.2015243093,-1.4310522769419356,0.02999007649106407,0.2903125510381208,-0.004163033794611692,1500.0,1500.0
1750848855.5687325,290642.6019378642,4117884.216558968,-1.3453276476227487,0.027571578125459854,0.3246384566308949,-0.00731352769651464,290642.59903129446,4117884.2230537683,-1.430908252987117,0.027571578125459854,0.3304959046154326,-0.007547619286924601,1500.0,1500.0
1750848855.6723082,290642.6363296766,4117884.2191489884,-1.3458335975870075,0.02695580573082032,0.32038524787481676,-0.008195587457845968,290642.6434221504,4117884.2219487815,-1.4310153667993402,0.02695580573082032,0.31509385246792027,-0.008438657969236374,1500.0,1500.0
1750848855.7687511,290642.6724384112,4117884.218427484,-1.3462472281800637,0.03077027953165487,0.3181350649637741,-0.006330834263270872,290642.68753679463,4117884.2097475706,-1.431383600569234,0.03077027953165487,0.36193448456087435,-0.006485642399638891,1500.0,1500.0
1750848855.873374,290642.71206804767,4117884.2221369427,-1.3468973009960983,0.0292551136366933,0.32090638375265873,-0.010296179212770247,290642.74135824,4117884.2306140386,-1.4318690448359666,0.0292551136366933,0.41417781877098064,-0.010599816218018532,1500.0,1500.0
1750848855.968557,290642.752865051,4117884.2224341524,-1.3471652901639046,0.032287108944470205,0.3240933796511674,-0.004955922243506713,290642.78547288664,4117884.2184128272,-1.4324916278610893,0.032287108944470205,0.4656434097096437,-0.005124042276293039,1500.0,1500.0
1750848856.0688665,290642.7946976926,4117884.2221947173,-1.3477486990909333,0.03573877160887021,0.32794885769176585,-0.00782219987572344,290642.82986374025,4117884.217307842,-1.4332403352268532,0.03573877160887021,0.46878212748518316,-0.007966261357069016,1500.0,1500.0
1750848856.168989,290642.8355526559,4117884.2215747847,-1.3479401499933787,0.03899952913241675,0.33011666076412605,-0.003037522237574534,290642.8653764209,4117884.2164238538,-1.434060773673105,0.03899952913241675,0.4521337834171676,-0.0031144621316343546,1500.0,1500.0
1750848856.2695374,290642.87738841167,4117884.223052884,-1.3480628816355429,0.03938455614573425,0.3334464145323277,-0.0021937251639590673,290642.91004348587,4117884.2264150945,-1.434813945715898,0.03938455614573425,0.41299566522887243,-0.0022716852836310863,1500.0,1500.0
1750848856.3689046,290642.9201020809,4117884.228867676,-1.3479744637149842,0.034489748209263586,0.3380114443231329,-0.0004967149208776803,290642.9549867599,4117884.24750256,-1.435365381427014,0.034489748209263586,0.40547213992614056,-0.0006297397776506841,1500.0,1500.0
1750848856.4715006,290642.95981689246,4117884.236155776,-1.3477174692787202,0.027858480262181025,0.33877317161623877,0.0014974724106610506,290642.981897481,4117884.257935795,-1.4355381220428445,0.027858480262181025,0.42105946424788016,0.0013829770032316446,1500.0,1500.0
1750848856.5216029,290642.95981689246,4117884.236155776,-1.3477174692787202,0.027858480262181025,0.33877317161623877,0.0014974724106610506,290642.981897481,4117884.257935795,-1.4355381220428445,0.027858480262181025,0.42105946424788016,0.0013829770032316446,1500.0,1500.0
1750848856.570395,290642.9986223833,4117884.239698283,-1.3474627814854678,0.026515217997650848,0.3378087876697175,0.002825280769593998,290643.017133957,4117884.245955582,-1.4352906101542653,0.026515217997650848,0.357528976515769,0.002838220214471221,1500.0,1500.0
1750848856.674488,290643.0328780006,4117884.237577669,-1.3470305831324887,0.031563269827644916,0.33090504356020584,0.006072625590322849,290643.0343378781,4117884.223321138,-1.4346555124069096,0.031563269827644916,0.3324941396139026,0.0062278625555336475,1500.0,1500.0
1750848856.769049,290643.0669415909,4117884.2377629112,-1.3469744280185214,0.03318480556392774,0.3250672193934649,0.00012377707811641383,290643.07012677216,4117884.233533376,-1.4336639431007634,0.03318480556392774,0.2773192239766599,9.734016202855855e-05,1500.0,1500.0
1750848856.8757548,290643.1008680892,4117884.237548147,-1.3468707043646029,0.035133814115259905,0.31979245274114226,-0.00044649904859515584,290643.10563945497,4117884.232649389,-1.4327783308974806,0.035133814115259905,0.2986897298879206,-0.00055119110038504,1500.0,1500.0
1750848856.9710276,290643.1365863529,4117884.236933873,-1.3466155940160929,0.037688731305864004,0.31720218744149636,0.0002938225518868936,290643.15003031073,4117884.231544405,-1.4319419177393777,0.037688731305864004,0.34236671438205507,0.00013217865489423275,1500.0,1500.0
1750848857.0709615,290643.17208653386,4117884.2360547706,-1.3470674568442125,0.040266301372166045,0.31466450209211955,-0.008171796398651373,290643.18554299354,4117884.2306604185,-1.4314145318886125,0.040266301372166045,0.363455420308901,-0.008439251221716404,1500.0,1500.0
1750848857.1694798,290643.20923422795,4117884.2324203905,-1.3473564427503593,0.04620141970657447,0.3139088874053414,-0.006241173732508651,290643.22965764056,4117884.21845921,-1.431435428843552,0.04620141970657447,0.3522853874569811,-0.006471098400652409,1500.0,1500.0
1750848857.269217,290643.2479309557,4117884.2313213423,-1.3478619989139957,0.04852771494804661,0.31541990881796766,-0.009421129021504876,290643.2743247027,4117884.2284504524,-1.4318924110719455,0.04852771494804661,0.4015627775575081,-0.009744126349687576,1500.0,1500.0
1750848857.3688273,290643.28799651086,4117884.232489482,-1.3484426459166192,0.047970795414778646,0.3186484771393144,-0.010598541047566471,290643.3189917648,4117884.238441694,-1.4327092729302433,0.047970795414778646,0.43375508113591943,-0.010966631583869457,1500.0,1500.0
1750848857.478525,290643.3328840649,4117884.2306035957,-1.348998837442235,0.05201840423827233,0.3264585172333396,-0.0090494245908596,290643.3808627533,4117884.225798494,-1.4336327380161018,0.05201840423827233,0.4245619570506275,-0.009297803975641727,1500.0,1500.0
1750848857.525544,290643.3328840649,4117884.2306035957,-1.348998837442235,0.05201840423827233,0.3264585172333396,-0.0090494245908596,290643.3808627533,4117884.225798494,-1.4336327380161018,0.05201840423827233,0.4245619570506275,-0.009297803975641727,1500.0,1500.0
1750848857.570668,290643.37472773227,4117884.236153096,-1.3496617105848514,0.045822862927615185,0.33092393478900994,-0.011612524066183709,290643.4083258909,4117884.2584241806,-1.4347983933371542,0.045822862927615185,0.49088546537387107,-0.012019523419439793,1500.0,1500.0
1750848857.6688538,290643.417436807,4117884.243174324,-1.3496276425017653,0.0386546528303455,0.33600871140385097,-0.0033676322099296246,290643.4529929549,4117884.268415424,-1.4358686649216512,0.0386546528303455,0.4253211446155556,-0.0036814941558986902,1500.0,1500.0
1750848857.7685652,290643.4607604865,4117884.244045603,-1.350173767291648,0.040002150382252515,0.34015033154191476,-0.006786899638577598,290643.49683139136,4117884.245117991,-1.4366326246938645,0.040002150382252515,0.42124606156353284,-0.006882372312247753,1500.0,1500.0
1750848857.8686144,290643.50098125794,4117884.246994967,-1.3501379105533562,0.03805774620005352,0.3405241185449472,-0.0008789070874646572,290643.5237421117,4117884.255551228,-1.4370844434205108,0.03805774620005352,0.3923754021978214,-0.000981795834377408,1500.0,1500.0
1750848857.9710302,290643.5383453246,4117884.246855723,-1.3496605598270675,0.03965979187321539,0.3371154985161334,0.005136823320700813,290643.5501004176,4117884.2437920137,-1.43699957435561,0.03965979187321539,0.3531543312094371,0.005170783493667841,1500.0,1500.0
1750848858.0681531,290643.5732583189,4117884.248937218,-1.3492870435238298,0.037941447614143406,0.33171410396379736,0.0032365018585485236,290643.57701113785,4117884.25422525,-1.436533369585499,0.037941447614143406,0.29699215910267535,0.0031914282590150833,1500.0,1500.0
1750848858.1689465,290643.609712495,4117884.250391104,-1.3484000792552813,0.037504141209194035,0.3286978295989048,0.008641322260940628,290643.6214019911,4117884.253120269,-1.4356748458622755,0.037504141209194035,0.2816298670550008,0.008621446788311005,1500.0,1500.0
1750848858.2689123,290643.6438800177,4117884.2514235387,-1.3481204574300552,0.03731666302387773,0.3234114169465161,0.0017723222677099306,290643.6480365031,4117884.25245728,-1.4347225978023472,0.03731666302387773,0.37268937740559704,0.0016934965969994664,1500.0,1500.0
1750848858.3689923,290643.67787715414,4117884.2495454955,-1.3477444917750638,0.04075013355827574,0.3181888200664772,0.0029862337732778905,290643.6832729798,4117884.24047707,-1.433908451019753,0.04075013355827574,0.28801773517641,0.0029412703588604927,1500.0,1500.0
1750848858.4727235,290643.7118530484,4117884.2500522514,-1.3479957409817098,0.04087648657841242,0.3140089879628929,-0.005447614623258576,290643.71906187054,4117884.2506893114,-1.4332154452108778,0.04087648657841242,0.29944198648896947,-0.005670841783285141,1500.0,1500.0
1750848858.5310884,290643.7118530484,4117884.2500522514,-1.3479957409817098,0.04087648657841242,0.3140089879628929,-0.005447614623258576,290643.71906187054,4117884.2506893114,-1.4332154452108778,0.04087648657841242,0.29944198648896947,-0.005670841783285141,1500.0,1500.0
1750848858.5741904,290643.7458632595,4117884.2526607574,-1.348301298386473,0.03842493352509872,0.31075794233188375,-0.0071883589204317705,290643.75485076127,4117884.2609015526,-1.4331169374037553,0.03842493352509872,0.3028788196658572,-0.007513870485126972,1500.0,1500.0
1750848858.6690624,290643.7836553082,4117884.2569716615,-1.3483897866142247,0.034818410877877855,0.31252259672318344,-0.00531108589841845,290643.8083959953,4117884.270671801,-1.4333077523653244,0.034818410877877855,0.36435744161622735,-0.005666006822139025,1500.0,1500.0
1750848858.7690356,290643.8210813032,4117884.2604168043,-1.3486019509409939,0.03263955852608307,0.3135005752403632,-0.005824915105037217,290643.8439086778,4117884.2697878173,-1.4337718273277575,0.03263955852608307,0.44199471082956104,-0.006118734832853079,1500.0,1500.0
1750848858.868883,290643.860060312,4117884.2654553847,-1.3491665588507038,0.028987531918173857,0.3163695941182311,-0.009212184066675837,290643.88857573876,4117884.2797790626,-1.4346993772470855,0.028987531918173857,0.36150805445473905,-0.009503185749053955,1500.0,1500.0
1750848858.9697802,290643.9022197982,4117884.269341238,-1.3496033714842184,0.027694803879070706,0.3222998061386932,-0.006810251532794039,290643.94184476463,4117884.278453087,-1.4356119175731008,0.027694803879070706,0.381479782413421,-0.00700715184211731,1500.0,1500.0
1750848859.0687845,290643.9435285611,4117884.2772459807,-1.350226895262613,0.021424804665900993,0.3270872735886006,-0.009370787049901082,290643.97790986265,4117884.2997615547,-1.4364996502030092,0.021424804665900993,0.46545916746405425,-0.009642388671636581,1500.0,1500.0
1750848859.1687856,290643.9858083572,4117884.283655012,-1.3501541432093764,0.017881493681701267,0.3321049116520299,-0.0006491986153274535,290644.0223007178,4117884.298656576,-1.4372180280543625,0.017881493681701267,0.4322229139009523,-0.0007755658007226884,1500.0,1500.0
1750848859.268894,290644.0307153292,4117884.286178278,-1.350535491683679,0.019976217380017102,0.3388394901200194,-0.0038371588802264224,290644.07529353595,4117884.2862343756,-1.4376217559712836,0.019976217380017102,0.426835551757409,-0.003837656695395708,1500.0,1500.0
1750848859.3681593,290644.072441001,4117884.292858263,-1.3505201530850728,0.016143888098956814,0.3416799256346102,-0.0009169062610084967,290644.10248046287,4117884.307763839,-1.4377996057850158,0.016143888098956814,0.4445045931565664,-0.00102051196154207,1500.0,1500.0
1750848859.4804513,290644.11669741507,4117884.293144412,-1.3506786088767395,0.02109180402413252,0.34603802997579913,-0.0010223861746636255,290644.1551970713,4117884.2842454147,-1.437598960739905,0.02109180402413252,0.36571947203444244,-0.0009663313976489007,1500.0,1500.0
1750848859.5253036,290644.11669741507,4117884.293144412,-1.3506786088767395,0.02109180402413252,0.34603802997579913,-0.0010223861746636255,290644.1551970713,4117884.2842454147,-1.437598960739905,0.02109180402413252,0.36571947203444244,-0.0009663313976489007,1500.0,1500.0
1750848859.568467,290644.1577088923,4117884.2953871144,-1.3503491094560607,0.02248259771533347,0.34640945056078415,0.003132932523429336,290644.1821077929,4117884.2946786527,-1.4373307619164615,0.02248259771533347,0.3997732094264861,0.0031215136405080557,1500.0,1500.0
1750848859.6691258,290644.1976591151,4117884.299316439,-1.3495714055067858,0.021459207124002153,0.3457790611345072,0.007457735108534933,290644.21789668256,4117884.304890896,-1.4368665494536592,0.021459207124002153,0.3398774010670817,0.007425363641232252,1500.0,1500.0
1750848859.775983,290644.2347783525,4117884.3023367655,-1.3496202919501752,0.02124472465546251,0.3418657625131188,-0.0012045715255939353,290644.24453119433,4117884.3042279095,-1.4364525117927496,0.02124472465546251,0.3436531312055134,-0.0012616061139851809,1500.0,1500.0
1750848859.8690548,290644.2694073198,4117884.3045360176,-1.3495255383441433,0.02165781215742744,0.3355161863524455,0.00041549649401075175,290644.27116570604,4117884.303564923,-1.4363436326019496,0.02165781215742744,0.3102184188470456,0.0003764670400414616,1500.0,1500.0
1750848859.968738,290644.30558495806,4117884.3058884703,-1.349426103139416,0.023325746339588904,0.3316584388317081,0.0006680344605717867,290644.31555656117,4117884.302459945,-1.4362000416986034,0.023325746339588904,0.265774912334545,0.0006483246106654406,1500.0,1500.0
1750848860.0687258,290644.3413048683,4117884.3041180866,-1.3499501523570498,0.028571527922388172,0.3273183181931004,-0.005520753660998565,290644.35079303617,4117884.290479738,-1.4361311089997582,0.028571527922388172,0.32687179477466277,-0.005522235296666622,1500.0,1500.0
1750848860.1689725,290644.37487917393,4117884.3046220075,-1.3498412360950658,0.030001740697003607,0.3214679557764252,8.73839152105677e-05,290644.3777037551,4117884.300912977,-1.4361604208463663,0.030001740697003607,0.3503292142943595,1.6830525055411272e-05,1500.0,1500.0
1750848860.2695024,290644.4084164384,4117884.3046433367,-1.3499530289806188,0.03184610307115086,0.3162903524205284,-0.002237489387288143,290644.41321643966,4117884.3000289956,-1.4361369512087838,0.03184610307115086,0.2900545118671036,-0.0023152935318648815,1500.0,1500.0
1750848860.3718529,290644.4457237939,4117884.306595266,-1.3499405217449745,0.03171312049428508,0.31640531746747425,-0.001561956569332948,290644.4667616702,4117884.3097992484,-1.4361653033933153,0.03171312049428508,0.30197334411332916,-0.0016924876254051924,1500.0,1500.0
1750848860.4710646,290644.4826692831,4117884.3079398856,-1.3497630182498668,0.03229874988270973,0.31599744363264987,0.00010199417790754857,290644.50227435236,4117884.3089152677,-1.435878862715963,0.03229874988270973,0.35862983331974974,-2.3824310119380243e-05,1500.0,1500.0
1750848860.5212214,290644.4826692831,4117884.3079398856,-1.3497630182498668,0.03229874988270973,0.31599744363264987,0.00010199417790754857,290644.50227435236,4117884.3089152677,-1.435878862715963,0.03229874988270973,0.35862983331974974,-2.3824310119380243e-05,1500.0,1500.0
1750848860.568395,290644.52299929806,4117884.3086230615,-1.350035289769053,0.034221425324546605,0.3193972586433086,-0.0050067097338507005,290644.55554337794,4117884.307589296,-1.4356021488337658,0.034221425324546605,0.3960058075968499,-0.0051732854917645454,1500.0,1500.0
1750848860.6750824,290644.56454183324,4117884.3137187124,-1.3496620014376999,0.030677389408275697,0.32439954036455176,0.0004778248658497951,290644.6004866446,4117884.328676771,-1.4354636086159789,0.030677389408275697,0.4197237447273813,0.00021327545982785523,1500.0,1500.0
1750848860.7694113,290644.60704502236,4117884.3177578435,-1.3499005509305058,0.029040577120500663,0.32965872497215787,-0.005441827048645524,290644.64487749944,4117884.3275717953,-1.4355468310341024,0.029040577120500663,0.4428164502910839,-0.00568246329203248,1500.0,1500.0
1750848860.8688748,290644.65038461145,4117884.323286303,-1.350115401942447,0.025895469258114763,0.3353926119124117,-0.005328014105809282,290644.6895445612,4117884.337563046,-1.4359281431379904,0.025895469258114763,0.45508059084392183,-0.0055847372859716415,1500.0,1500.0
1750848860.9689958,290644.6943733859,4117884.327620821,-1.3501629088733207,0.024669606288985572,0.34091202884226846,-0.002280183699459336,290644.73393541377,4117884.33645807,-1.4366162868574455,0.024669606288985572,0.40192529103190777,-0.0024238990154117346,1500.0,1500.0
1750848861.0685258,290644.7389148265,4117884.3333415324,-1.3506005683513949,0.02193821423589227,0.34653199547990204,-0.006089909796468719,290644.778602473,4117884.3464493197,-1.4373645756982318,0.02193821423589227,0.4537039437850793,-0.006233548745512962,1500.0,1500.0
1750848861.1736789,290644.7819605953,4117884.3354010386,-1.3506171713264898,0.023760192562844593,0.3491288647810796,-4.438960134409971e-06,290644.8138389484,4117884.334469115,-1.437845556374639,0.023760192562844593,0.42418359843722264,1.4194218238117173e-05,1500.0,1500.0
1750848861.2685225,290644.8218478462,4117884.3392278887,-1.3507769201012114,0.022635545168752977,0.3480470685335847,-0.0018883924128427067,290644.8407496688,4117884.344902355,-1.4381340103614215,0.022635545168752977,0.3519379296376855,-0.0019163467222824693,1500.0,1500.0
1750848861.3682785,290644.85888160986,4117884.3421587055,-1.3506308982513453,0.022280554517386843,0.34372154703946234,0.001527313082587953,290644.8673841802,4117884.344239371,-1.4380470124049198,0.022280554517386843,0.33166447613567673,0.0015304003609344363,1500.0,1500.0
1750848861.4717689,290644.897150781,4117884.34664689,-1.3507749093565107,0.020308658142640455,0.3416227707208392,-0.0028396265024512677,290644.91205124155,4117884.354230622,-1.4374756822922734,0.020308658142640455,0.2822376047609379,-0.0029552746564149857,1500.0,1500.0
1750848861.5217412,290644.897150781,4117884.34664689,-1.3507749093565107,0.020308658142640455,0.3416227707208392,-0.0028396265024512677,290644.91205124155,4117884.354230622,-1.4374756822922734,0.020308658142640455,0.2822376047609379,-0.0029552746564149857,1500.0,1500.0
1750848861.5684419,290644.9347054328,4117884.3525629705,-1.3508467890616742,0.016760321173116068,0.33920831496508885,-0.0034955177836256085,290644.94784012996,4117884.364442867,-1.4368442769357639,0.016760321173116068,0.33953251545956126,-0.0037222409155219793,1500.0,1500.0
1750848861.6687984,290644.9716182573,4117884.3572408985,-1.3503790522676538,0.015111151528637925,0.33619807818657876,0.0020469864039456883,290644.9833528119,4117884.3635588884,-1.436121819692255,0.015111151528637925,0.31990635910170245,0.0018391230842098594,1500.0,1500.0
1750848861.768885,290645.00992184726,4117884.365659032,-1.3503109800149933,0.009334699393507258,0.3357526646477821,-0.0035697966011693067,290645.02829607925,4117884.384646364,-1.4356507382085408,0.009334699393507258,0.3569734310120183,-0.003918792121112347,1500.0,1500.0
1750848861.868538,290645.0493415715,4117884.3674717573,-1.3505444263388042,0.012613253706365717,0.3356253482023836,-0.004963041853643229,290645.0721345189,4117884.361348941,-1.4354316255818875,0.012613253706365717,0.3702255578716228,-0.005152011290192604,1500.0,1500.0
1750848861.976192,290645.0916816086,4117884.368301917,-1.3510614660867537,0.017172856862920607,0.33869171836899314,-0.0078345951208982,290645.12540354393,4117884.360022973,-1.4357232382813607,0.017172856862920607,0.40836222885790874,-0.008022340014576912,1500.0,1500.0
1750848862.0690491,290645.1329646897,4117884.3733563083,-1.3514380748773847,0.01576052379889987,0.3407911494317325,-0.007597118762103204,290645.16146863595,4117884.3813314443,-1.436307415425572,0.01576052379889987,0.4420258719003174,-0.007898268289864063,1500.0,1500.0
1750848862.1784463,290645.17691291875,4117884.3770721853,-1.3513697645286615,0.01654233825430346,0.3454419215313982,-0.001285380014778443,290645.2147376609,4117884.3800054765,-1.4372050184575114,0.01654233825430346,0.40870189170151805,-0.001436728867702186,1500.0,1500.0
1750848862.2688656,290645.22130019387,4117884.377213809,-1.3518402088387822,0.021635848203376724,0.3494198929127072,-0.004985958766612139,290645.2588523093,4117884.367804279,-1.438117238975833,0.021635848203376724,0.4625833051772057,-0.004990125074982643,1500.0,1500.0
1750848862.3687809,290645.2623884945,4117884.3793003364,-1.3517614154791078,0.023099123160928787,0.34940262329866645,0.0006381513715621997,290645.2857630267,4117884.3782375213,-1.438740293325999,0.023099123160928787,0.4125884815343558,0.0006304093985818326,1500.0,1500.0
1750848862.4717727,290645.3023330237,4117884.380615878,-1.3516817928992275,0.02511591101296901,0.3479681490320919,0.001228607891839636,290645.3212757084,4117884.377353543,-1.4389665770852287,0.02511591101296901,0.3164020739868553,0.001268327352590859,1500.0,1500.0
1750848862.5214655,290645.3023330237,4117884.380615878,-1.3516817928992275,0.02511591101296901,0.3479681490320919,0.001228607891839636,290645.3212757084,4117884.377353543,-1.4389665770852287,0.02511591101296901,0.3164020739868553,0.001268327352590859,1500.0,1500.0
1750848862.568663,290645.3394492219,4117884.3838199875,-1.351497654309307,0.02411023176541657,0.34378976533076594,0.0013538612566472861,290645.348186428,4117884.387786786,-1.4386384823185119,0.02411023176541657,0.34112447139143165,0.00131183210760355,1500.0,1500.0
1750848862.6736996,290645.3741593713,4117884.393626428,-1.350513017030808,0.01473392029157383,0.33843506008133695,0.007726289564289797,290645.37564955483,4117884.42041248,-1.4379705250610721,0.01473392029157383,0.3152243967665499,0.007524734362959862,1500.0,1500.0
1750848862.7688549,290645.408461819,4117884.396822126,-1.3503509710955808,0.014650643709776121,0.3323310817971957,0.0008843701154484627,290645.4106098269,4117884.3973360504,-1.4371183776245904,0.014650643709776121,0.2837182687773338,0.0008279823232442141,1500.0,1500.0
1750848862.872169,290645.4406523339,4117884.3966732626,-1.350117986328719,0.018384448887300852,0.32413160965330706,0.0019403109350944869,290645.43696813233,4117884.385576843,-1.4364399653655546,0.018384448887300852,0.2778762397234045,0.0019272917415946722,1500.0,1500.0
1750848862.968975,290645.4747846641,4117884.3959302767,-1.350046073249741,0.022736276357666035,0.3191583451969114,-0.0001732515405732904,290645.4813589867,4117884.384471871,-1.4359631183680162,0.022736276357666035,0.2738734470759089,-0.0002220324968220666,1500.0,1500.0
1750848863.0687218,290645.51075057994,4117884.397170403,-1.3505916747018054,0.024433858349028316,0.31724729454732226,-0.007947043920551435,290645.5260260446,4117884.3944631247,-1.4358756039438674,0.024433858349028316,0.32302638987403043,-0.008129405789077282,1500.0,1500.0
1750848863.169972,290645.54649423785,4117884.3977800515,-1.350543113367588,0.026638514379757013,0.31524480139642813,-0.0014810096162719813,290645.56153872854,4117884.393579148,-1.4361260738429256,0.026638514379757013,0.40831316466915807,-0.0016209158347919583,1500.0,1500.0
1750848863.2693584,290645.58209673554,4117884.400315596,-1.3510200217608932,0.026147297316773652,0.3136488788914259,-0.007212952297801237,290645.59732761583,4117884.4037913983,-1.4367121997769272,0.026147297316773652,0.34646198237799786,-0.007401471026241779,1500.0,1500.0
1750848863.368528,290645.62315315555,4117884.404361287,-1.3513149264932247,0.024725948417365886,0.3187188697587136,-0.005208097412686208,290645.6597510164,4117884.413340665,-1.437410039546622,0.024725948417365886,0.38248208098570186,-0.005387463141232729,1500.0,1500.0
1750848863.4714642,290645.66344586486,4117884.4074672074,-1.351802844938068,0.024475054444037823,0.32209208808828255,-0.006567539678592814,290645.695263698,4117884.412456689,-1.4380911565334789,0.024475054444037823,0.4586648676082835,-0.006697709672152996,1500.0,1500.0
1750848863.528382,290645.66344586486,4117884.4074672074,-1.351802844938068,0.024475054444037823,0.32209208808828255,-0.006567539678592814,290645.695263698,4117884.412456689,-1.4380911565334789,0.024475054444037823,0.4586648676082835,-0.006697709672152996,1500.0,1500.0
1750848863.570843,290645.703011505,4117884.4097330533,-1.3526078696486352,0.025138157557085337,0.3240547715898451,-0.0096140451162048,290645.7307763796,4117884.4115727125,-1.438814437241967,0.025138157557085337,0.3810892717132907,-0.009730256162583828,1500.0,1500.0
1750848863.68481,290645.7437890455,4117884.4136631223,-1.353358470488445,0.02385184319797418,0.3273882402547294,-0.00986148157439701,290645.7754434369,4117884.4215639676,-1.4393437839341845,0.02385184319797418,0.3846831022223606,-0.01004713773727417,1500.0,1500.0
1750848863.7689798,290645.7856160859,4117884.4190595327,-1.3538035992874997,0.021081894291025333,0.33169029404032047,-0.00736741434180053,290645.82011049637,4117884.431555223,-1.4396522818112363,0.021081894291025333,0.4041913946771183,-0.00760263204574585,1500.0,1500.0
1750848863.873791,290645.82463195146,4117884.4258526987,-1.3543115429402457,0.01646585150080367,0.3324169881248667,-0.00859702538848049,290645.8470212128,4117884.441988467,-1.439976583016253,0.01646585150080367,0.40168518390539476,-0.008886049501597881,1500.0,1500.0
1750848863.9685555,290645.862941564,4117884.431299155,-1.3543136407633136,0.013940475331950235,0.33203717010238937,-0.002517315658684753,290645.88253389415,4117884.4411044917,-1.4403279281464065,0.013940475331950235,0.34567008955716977,-0.002719085430726409,1500.0,1500.0
1750848864.068709,290645.9042916138,4117884.4329342656,-1.3546345810734648,0.01690293412340724,0.33460201130754214,-0.0044654608352940025,290645.9355267134,4117884.428682303,-1.4406209943116381,0.01690293412340724,0.35405167212071664,-0.004549448844045401,1500.0,1500.0
1750848864.1770394,290645.94469762355,4117884.4362778952,-1.3544534778795414,0.017222361015863996,0.3360022738886356,0.0003441493611689757,290645.9713156022,4117884.4388945536,-1.440717775725416,0.017222361015863996,0.4150466337928821,0.00023237989807967097,1500.0,1500.0
1750848864.269122,290645.9860183113,4117884.4361498277,-1.354870390399725,0.02192096422750227,0.3377367104780638,-0.004932914126507562,290646.01543024887,4117884.4266933594,-1.4408774121141228,0.02192096422750227,0.35758171237449143,-0.004973032046109438,1500.0,1500.0
1750848864.3687575,290646.0244972678,4117884.438050457,-1.3546698459460398,0.02307380026452892,0.3363008286587128,0.0005753341220783358,290646.042340965,4117884.437126604,-1.440786472257172,0.02307380026452892,0.3981988654477842,0.0004701720317825675,1500.0,1500.0
1750848864.471553,290646.0641509428,4117884.4416486775,-1.3546712768168034,0.022217884016287753,0.3366500395322212,-0.0026148754036093274,290646.0870080239,4117884.447117861,-1.4403401924795536,0.022217884016287753,0.3208164891179774,-0.0028177923522889614,1500.0,1500.0
1750848864.5216618,290646.0641509428,4117884.4416486775,-1.3546712768168034,0.022217884016287753,0.3366500395322212,-0.0026148754036093274,290646.0870080239,4117884.447117861,-1.4403401924795536,0.022217884016287753,0.3208164891179774,-0.0028177923522889614,1500.0,1500.0
1750848864.5685701,290646.10296686785,4117884.4443370434,-1.3543972782916003,0.022468112657068,0.3358598827787666,0.0003603338165350815,290646.1225207053,4117884.4462338868,-1.440018935906385,0.022468112657068,0.3517243066444824,0.00017913484771270305,1500.0,1500.0
1750848864.668466,290646.14289265155,4117884.44615323,-1.3535128654822923,0.02394391480932026,0.33631116272686373,0.0073815009725620795,290646.16691155697,4117884.4451289186,-1.4395927731927904,0.02394391480932026,0.2995493542211947,0.007274864707142115,1500.0,1500.0
1750848864.7685354,290646.18195216655,4117884.4472827464,-1.353106198293479,0.025966207543663623,0.33560878534421207,0.0025970292729488756,290646.20242424053,4117884.444244945,-1.439074237945282,0.025966207543663623,0.34511571402806074,0.0024924890603870153,1500.0,1500.0
1750848864.8688285,290646.22035412915,4117884.455211478,-1.3523048681338024,0.019277761095668627,0.3352706085842728,0.004810830175354418,290646.23876553617,4117884.476649646,-1.438569786489841,0.019277761095668627,0.3741560566189666,0.004538838751614094,1500.0,1500.0
1750848864.9683685,290646.2618162901,4117884.464041322,-1.3518748499655227,0.012827965005786745,0.3386050340233178,0.0012541539999101434,290646.29231076274,4117884.4864199106,-1.438258467175123,0.012827965005786745,0.3401521113115089,0.000994339818134904,1500.0,1500.0
1750848865.0686107,290646.30039633124,4117884.471327552,-1.3516967419298491,0.008626488540740551,0.33797281588033173,-0.0006881232735714168,290646.31894527585,4117884.4857569304,-1.4380222508087717,0.008626488540740551,0.4001462632002123,-0.0008943467400968075,1500.0,1500.0
1750848865.1793644,290646.3400724601,4117884.474597305,-1.3514099674483127,0.010077514142510284,0.3380703003127332,0.0019131690490958942,290646.3630599249,4117884.473555739,-1.4378152583879475,0.010077514142510284,0.33945435710426103,0.0018451936775818467,1500.0,1500.0
1750848865.2687297,290646.37894694915,4117884.479312125,-1.3516413423055884,0.00945922080381025,0.3374584462741624,-0.004301808553266218,290646.39884880837,4117884.4837679905,-1.4376546713090361,0.00945922080381025,0.3443149808472949,-0.004457099828869104,1500.0,1500.0
1750848865.3690605,290646.41892828286,4117884.4827668094,-1.3515660740710704,0.010652702822552746,0.3380002168523456,-0.0007650041486550027,290646.44323965977,4117884.482663024,-1.4375969994588154,0.010652702822552746,0.3620122972498633,-0.0008775024907663465,1500.0,1500.0
1750848865.4718862,290646.4580404231,4117884.4851752473,-1.351636867953293,0.012833305554185227,0.3373192134666284,-0.0018641204592831835,290646.4787523454,4117884.4817790515,-1.4377416046128342,0.012833305554185227,0.40891746985591726,-0.0019447436789050698,1500.0,1500.0
1750848865.5259626,290646.4580404231,4117884.4851752473,-1.351636867953293,0.012833305554185227,0.3373192134666284,-0.0018641204592831835,290646.4787523454,4117884.4817790515,-1.4377416046128342,0.012833305554185227,0.40891746985591726,-0.0019447436789050698,1500.0,1500.0
1750848865.5687418,290646.4964144109,4117884.4891450447,-1.3519231873455957,0.012698617222553056,0.3361256964131323,-0.004786199710473809,290646.5145412309,4117884.491991304,-1.4378850754302395,0.012698617222553056,0.3211152305428104,-0.0049348194152116776,1500.0,1500.0
1750848865.6686082,290646.5378111042,4117884.491904592,-1.3520191487923041,0.014556988451359016,0.33835566493021296,-0.0023308770999295194,290646.56781025254,4117884.4906653445,-1.4380533912462936,0.014556988451359016,0.3583017415881247,-0.0024301924277096987,1500.0,1500.0
1750848865.7684708,290646.5801094833,4117884.49860003,-1.3524333538909001,0.011477099992724173,0.34191079823083825,-0.006836918236778544,290646.61275351245,4117884.5117528313,-1.4384023281023939,0.011477099992724173,0.4001022814430516,-0.007058362942188978,1500.0,1500.0
1750848865.8684149,290646.62499753945,4117884.5062183924,-1.3524549176824137,0.008038892612881331,0.34807900088783805,-0.002452004572940455,290646.6662987405,4117884.5215230985,-1.4388335993001236,0.008038892612881331,0.4023193990142134,-0.0026408552657812834,1500.0,1500.0
1750848865.969092,290646.6684324157,4117884.5147481984,-1.3525456322258644,0.0036463570829033515,0.3518958547433326,-0.0030130589823251326,290646.70208762557,4117884.531735351,-1.4391642933178161,0.0036463570829033515,0.4239554801154516,-0.0031952785793691874,1500.0,1500.0
1750848866.0691135,290646.7104869764,4117884.521572491,-1.3531242915121207,0.0016656034903086182,0.35336478684913736,-0.007600364945142621,290646.73760030867,4117884.530851379,-1.4394983260806802,0.0016656034903086182,0.41675862401725017,-0.007749334443360567,1500.0,1500.0
1750848866.1712224,290646.7531399996,4117884.526786281,-1.3534890216294022,0.0019851305222511836,0.35507433041251374,-0.004736305685420164,290646.7819911598,4117884.529746414,-1.4399480607462911,0.0019851305222511836,0.3653956836693577,-0.004820568952709436,1500.0,1500.0
1750848866.275305,290646.7944911541,4117884.533100678,-1.3536958681002753,0.0006656101093778482,0.35523504131420863,-0.0031706554846991078,290646.81778004684,4117884.539958668,-1.4404312191306388,0.0006656101093778482,0.37809610039901875,-0.0032624343875795603,1500.0,1500.0
1750848866.3688989,290646.8346005928,4117884.535452466,-1.353852256969126,0.004153107319290193,0.3533624211237768,-0.0010607946787704846,290646.85301652376,4117884.527978472,-1.440834473685456,0.004153107319290193,0.3839225166037138,-0.0010097522754222155,1500.0,1500.0
1750848866.4741015,290646.8755369123,4117884.539190769,-1.3542369339969487,0.005605891106565789,0.3528950990444964,-0.0037158757533234817,290646.89768357866,4117884.5379697327,-1.4413309576972777,0.005605891106565789,0.37732721627021754,-0.0037021080497652292,1500.0,1500.0
1750848866.521709,290646.8755369123,4117884.539190769,-1.3542369339969487,0.005605891106565789,0.3528950990444964,-0.0037158757533234817,290646.89768357866,4117884.5379697327,-1.4413309576972777,0.005605891106565789,0.37732721627021754,-0.0037021080497652292,1500.0,1500.0
1750848866.5689948,290646.9134759967,4117884.541853129,-1.3545580180122514,0.007703811642616357,0.3489129843931051,-0.0029758929295265447,290646.92431809154,4117884.5373067544,-1.4416089343977452,0.007703811642616357,0.4132823718844872,-0.0029502336401492357,1500.0,1500.0
1750848866.6758416,290646.9525156886,4117884.5459137675,-1.354407154188019,0.007958964086987045,0.3469335913438808,0.0020526379934191017,290646.9689851464,4117884.5472980165,-1.4420237780777059,0.007958964086987045,0.3682706637460652,0.0020936192013323307,1500.0,1500.0
1750848866.7696893,290646.9906753263,4117884.5488439077,-1.3547835375606347,0.009439661863483313,0.34404966009985993,-0.003378715764937985,290647.00449782715,4117884.5464140456,-1.4420693854058226,0.009439661863483313,0.32594983009607675,-0.00334415165707469,1500.0,1500.0
1750848866.869227,290647.0280018557,4117884.545861092,-1.3547603940664952,0.017878466956173452,0.33972755595652276,0.0023157788693312334,290647.0394581027,4117884.523337625,-1.4420089056158947,0.017878466956173452,0.3124415732180116,0.0025101013015955687,1500.0,1500.0
1750848866.9687765,290647.06106122164,4117884.5477184732,-1.3547575486723535,0.01863978720854317,0.3318410781230146,-7.214820798214674e-05,290647.05776684824,4117884.54508809,-1.4418065243158908,0.01863978720854317,0.30687020928508413,-7.622857083333656e-05,1500.0,1500.0
1750848867.068454,290647.0903201512,4117884.5489588277,-1.3546857339689846,0.01946773270784398,0.32059306650954517,0.0005232128966507177,290647.0755231909,4117884.544646105,-1.4416166271635646,0.01946773270784398,0.25598471436962894,0.0005125126335769892,1500.0,1500.0
1750848867.169133,290647.1237174094,4117884.5494174915,-1.3546490708728842,0.02183956491165979,0.3154665209445353,7.044914925836897e-05,290647.12879221427,4117884.543320149,-1.441324880484122,0.02183956491165979,0.24282081380848025,5.881812467123382e-05,1500.0,1500.0
1750848867.2688599,290647.15532672,4117884.549412194,-1.3549088330127366,0.024222929589757303,0.30892278225946646,-0.003547003267273952,290647.1554267248,4117884.542657172,-1.4411109792966332,0.024222929589757303,0.35251430629845176,-0.003607980441302061,1500.0,1500.0
1750848867.375082,290647.18726207025,4117884.548959152,-1.354918391242514,0.02692386618602511,0.3035667605190309,-0.0012580134697657615,290647.1909394056,4117884.541773202,-1.4409490666580165,0.02692386618602511,0.2782689734816838,-0.0013332882663235068,1500.0,1500.0
1750848867.4740555,290647.2214420301,4117884.550545143,-1.3553145477917348,0.02715654227712391,0.30179449531437225,-0.006454654110917694,290647.2356064623,4117884.551764467,-1.440860214863977,0.02715654227712391,0.3115349111209646,-0.006642237771302462,1500.0,1500.0
1750848867.5213726,290647.2214420301,4117884.550545143,-1.3553145477917348,0.02715654227712391,0.30179449531437225,-0.006454654110917694,290647.2356064623,4117884.551764467,-1.440860214863977,0.02715654227712391,0.3115349111209646,-0.006642237771302462,1500.0,1500.0
1750848867.5685935,290647.25954933924,4117884.5563431205,-1.35566769901942,0.022814585646580048,0.30536456326773537,-0.007611697748014447,290647.28942789015,4117884.5726309624,-1.440890072195864,0.022814585646580048,0.3993017044165671,-0.007941355928778648,1500.0,1500.0
1750848867.677569,290647.29736371635,4117884.5610288447,-1.3560763413584658,0.02033455860564999,0.30795384380991386,-0.007987738631475347,290647.3249405707,4117884.5717469933,-1.4411219084699725,0.02033455860564999,0.4205521059719475,-0.008294758386909962,1500.0,1500.0
1750848867.7692606,290647.3367009059,4117884.562160543,-1.356707390041895,0.022771725976794707,0.3114040181817085,-0.009371834285055279,290647.3690552204,4117884.559545807,-1.4416195508709972,0.022771725976794707,0.40305878724206834,-0.009590343572199345,1500.0,1500.0
1750848867.869024,290647.37932104437,4117884.5674859253,-1.3566660335650391,0.02023880325125709,0.3187554209817011,-0.0032646958487993105,290647.4228766478,4117884.580412303,-1.4419573093519198,0.02023880325125709,0.4446947755339046,-0.0035543683916330338,1500.0,1500.0
1750848867.9780629,290647.4228743241,4117884.5716380263,-1.3573074361083688,0.019595041989279544,0.3260057396637892,-0.00980785566221977,290647.4672674985,4117884.5793073424,-1.4425011547874131,0.019595041989279544,0.47461390375731216,-0.010067025199532509,1500.0,1500.0
1750848868.077959,290647.4671750411,4117884.5747308424,-1.3573444640301757,0.020420443307371167,0.33297523066217144,-0.0028393921134737114,290647.51165835134,4117884.5782023817,-1.4429434567314035,0.020420443307371167,0.46621031513522904,-0.003021873300895095,1500.0,1500.0
1750848868.1689727,290647.5139107244,4117884.5768173034,-1.3573113239687158,0.022727684178344025,0.3416357107363265,-0.001068454308499517,290647.56492737215,4117884.5768764294,-1.4434381566129764,0.022727684178344025,0.4394109645873693,-0.0011635406408458948,1500.0,1500.0
1750848868.2809968,290647.55719923653,4117884.5806928673,-1.357394373338919,0.02196965217380934,0.3454593252444391,-0.0025693273734216635,290647.59183808777,4117884.5873096776,-1.4437222100114602,0.02196965217380934,0.4884637946045974,-0.0027047754265367985,1500.0,1500.0
1750848868.3699074,290647.59920519765,4117884.586080925,-1.35687297487002,0.019218022249667805,0.3475261014822833,0.0038122241685793253,290647.6276269712,4117884.597521935,-1.4437670263846822,0.019218022249667805,0.3724125557340373,0.0036937124095857143,1500.0,1500.0
1750848868.4714582,290647.63633568084,4117884.592915852,-1.3564322493564118,0.014252989159209707,0.3439634231002971,0.0029556780209341015,290647.6456595166,4117884.608176176,-1.4436089656741284,0.014252989159209707,0.351205073575808,0.0028247975278645754,1500.0,1500.0
1750848868.521514,290647.63633568084,4117884.592915852,-1.3564322493564118,0.014252989159209707,0.3439634231002971,0.0029556780209341015,290647.6456595166,4117884.608176176,-1.4436089656741284,0.014252989159209707,0.351205073575808,0.0028247975278645754,1500.0,1500.0
1750848868.574119,290647.6690690044,4117884.596061364,-1.3561629900900873,0.013771605145264373,0.33532549669674605,0.0023261130802385895,290647.66313965165,4117884.5966379675,-1.4432324966820809,0.013771605145264373,0.25478407612276877,0.002296607242897153,1500.0,1500.0
1750848868.6690006,290647.7035574226,4117884.598207642,-1.355840419527074,0.014887040156634734,0.32970858069689996,0.0029321756420062806,290647.70753050444,4117884.5955330078,-1.4427088525504652,0.014887040156634734,0.23482620618272032,0.0029141027480363846,1500.0,1500.0
1750848868.7710042,290647.7359810894,4117884.5996162333,-1.355868028232858,0.016478446342344175,0.32238486944828165,-0.0011196622649058152,290647.7341650147,4117884.594870032,-1.4422474894466404,0.016478446342344175,0.29628420377633696,-0.001177363097667694,1500.0,1500.0
1750848868.8688474,290647.7648646017,4117884.605382671,-1.3554063023948757,0.011964296166829307,0.3126499526062263,0.0022943994705304812,290647.75247376284,4117884.6166204987,-1.4417670877114557,0.011964296166829307,0.2502245995175005,0.0021008632611483335,1500.0,1500.0
1750848868.9824617,290647.7962227951,4117884.6123224464,-1.355657748401732,0.0069985432318656815,0.30722484842453435,-0.005878946409231383,290647.797140816,4117884.6266117655,-1.441371580681531,0.0069985432318656815,0.20429901880956067,-0.006154888309538364,1500.0,1500.0
1750848869.081797,290647.8260940097,4117884.615452983,-1.3559699408502022,0.0071277740638238905,0.30027585652355915,-0.005970718229889471,290647.82349912345,4117884.6148525644,-1.4411925100167944,0.0071277740638238905,0.32648401328507626,-0.006186491344124079,1500.0,1500.0
1750848869.1691267,290647.8603099104,4117884.617473701,-1.356098486382154,0.009307800057153617,0.2990565132010273,-0.003976955925549716,290647.8767681462,4117884.613526614,-1.4411444781510212,0.009307800057153617,0.3168912249103799,-0.004173825029283762,1500.0,1500.0
1750848869.2695534,290647.8948038352,4117884.62359413,-1.3565487580962605,0.006219741018223512,0.2989244804844676,-0.008896980821138377,290647.9128332317,4117884.6348350984,-1.441196789079387,0.006219741018223512,0.3763577825864993,-0.009246653877198696,1500.0,1500.0
1750848869.3684945,290647.93507763237,4117884.6306574927,-1.3566201964291313,0.0032688260111950287,0.3055429622655724,-0.004904187216822639,290647.9752566245,4117884.644384381,-1.4414052435695532,0.0032688260111950287,0.4189195543328249,-0.005240604747086763,1500.0,1500.0
1750848869.471361,290647.9766775249,4117884.633722473,-1.3570468689432438,0.005809425181471542,0.31218931871144434,-0.007303462506972474,290648.01937127457,4117884.632183199,-1.4418129259945747,0.005809425181471542,0.46520161701418583,-0.007527624256908894,1500.0,1500.0
1750848869.5219712,290647.9766775249,4117884.633722473,-1.3570468689432438,0.005809425181471542,0.31218931871144434,-0.007303462506972474,290648.01937127457,4117884.632183199,-1.4418129259945747,0.005809425181471542,0.46520161701418583,-0.007527624256908894,1500.0,1500.0
1750848869.568663,290648.02130604617,4117884.638116267,-1.3572724557963687,0.006855598504663099,0.32158994229582816,-0.005355048789657123,290648.07291649724,4117884.6419534734,-1.4422190244682165,0.006855598504663099,0.4599664521632627,-0.005591918248683214,1500.0,1500.0
1750848869.6687841,290648.06857339083,4117884.646152833,-1.3575752984908744,0.0036741713326792335,0.33326971365126645,-0.006770314236178024,290648.12673792196,4117884.662819975,-1.4427347758583615,0.0036741713326792335,0.5170861866293849,-0.007076037582010031,1500.0,1500.0
1750848869.7696135,290648.1161441189,4117884.652510431,-1.3579957281471575,0.0029673739944181456,0.3434710204033815,-0.007061607800457415,290648.1711287744,4117884.661715018,-1.443387568686456,0.0029673739944181456,0.5135229847071031,-0.007288162596523762,1500.0,1500.0
1750848869.8700075,290648.1639376374,4117884.662277465,-1.3579075130542066,-0.0018764594476352282,0.35305026263929273,-0.0018225956461697071,290648.2160720312,4117884.6828025123,-1.4441058901407293,-0.0018764594476352282,0.4753067690379675,-0.00205489294603467,1500.0,1500.0
1750848869.9696918,290648.2099342282,4117884.672606129,-1.3580214187998303,-0.007159052808724459,0.3593662100223345,-0.002915963756649347,290648.25186091324,4117884.693014771,-1.4449630846150106,-0.007159052808724459,0.4490517521501083,-0.003077627159655094,1500.0,1500.0
1750848870.0824945,290648.2542110591,4117884.680910467,-1.357878145446294,-0.009619753289328918,0.3625692016917916,0.001443350079378957,290648.2873735931,4117884.692130806,-1.4455736384517852,-0.009619753289328918,0.3897606562999484,0.0014305924996733665,1500.0,1500.0
1750848870.1690505,290648.29512880906,4117884.6923929974,-1.35778084744448,-0.01624152027117684,0.36196708382314086,0.00044154854558018216,290648.31456050946,4117884.713660282,-1.445884477299162,-0.01624152027117684,0.40497145953368,0.00037331931525841355,1500.0,1500.0
1750848870.2693431,290648.33660669514,4117884.696642775,-1.3577421400531866,-0.01306616726043092,0.36103433095025805,0.002747150718445686,290648.3583989552,4117884.690362876,-1.4460139854147054,-0.01306616726043092,0.2843333293359641,0.002935627708211541,1500.0,1500.0
1750848870.3677459,290648.3732145964,4117884.7070394284,-1.3571739917917371,-0.01860104927125771,0.35556091715867266,0.005975722660150246,290648.37698390335,4117884.7232095688,-1.4456970963084312,-0.01860104927125771,0.3070704063560644,0.005977240856736898,1500.0,1500.0
1750848870.4721382,290648.4072362176,4117884.7129240204,-1.3569563003797362,-0.018255636962482908,0.34722394967636067,0.003467487798915494,290648.40334220894,4117884.71145037,-1.4450899683014624,-0.018255636962482908,0.24748974993614065,0.0035673282109200954,1500.0,1500.0
1750848870.5219593,290648.4072362176,4117884.7129240204,-1.3569563003797362,-0.018255636962482908,0.34722394967636067,0.003467487798915494,290648.40334220894,4117884.71145037,-1.4450899683014624,-0.018255636962482908,0.24748974993614065,0.0035673282109200954,1500.0,1500.0
1750848870.5688245,290648.44100201596,4117884.7221417436,-1.3565560591053587,-0.02205690055735434,0.34020447301783296,0.0038591312726624512,290648.43940729485,4117884.7327588564,-1.4444385544118619,-0.02205690055735434,0.24540277013372241,0.00383436749689281,1500.0,1500.0
1750848870.6688197,290648.47270413424,4117884.7294249963,-1.3564999683302492,-0.023269385215836727,0.3315012100016128,8.652264101070587e-05,290648.4660418046,4117884.732095883,-1.4436884864238544,-0.023269385215836727,0.24366082849494464,4.6749901230214164e-05,1500.0,1500.0
1750848870.76891,290648.50455425633,4117884.737377444,-1.356564301526021,-0.02508644108569115,0.324242109826246,-0.002153109693821308,290648.5018306861,4117884.7423081445,-1.4430992976144648,-0.02508644108569115,0.23962689831745712,-0.002274722559377551,1500.0,1500.0
1750848870.8688166,290648.542188813,4117884.745712233,-1.3565044042545742,-0.02621070328686494,0.32462051665692837,-0.0011362899566571703,290648.5642540795,4117884.751857433,-1.442602977145493,-0.02621070328686494,0.2744325619891606,-0.0012760856188833714,1500.0,1500.0
1750848870.969153,290648.57952833845,4117884.759488686,-1.3570556433310201,-0.03392104604577417,0.32540865588079865,-0.009540735154987297,290648.60059536423,4117884.784262143,-1.442608139169732,-0.03392104604577417,0.38890628792785586,-0.009882907383143902,1500.0,1500.0
1750848871.0799031,290648.6220588511,4117884.770407956,-1.35732860572011,-0.03635936143783396,0.3315931664136024,-0.00506374291080874,290648.6627425555,4117884.7827152065,-1.4430475411506511,-0.03635936143783396,0.4035929094814955,-0.005257724318653345,1500.0,1500.0
1750848871.1687036,290648.66739307676,4117884.7837479995,-1.3578594208715897,-0.04106929664965329,0.34049224319796834,-0.007799459242909926,290648.7165639801,4117884.803581712,-1.44373431362163,-0.04106929664965329,0.4845561654844675,-0.008017109706997871,1500.0,1500.0
1750848871.2687829,290648.71329125355,4117884.799234206,-1.3584105500618902,-0.047803905016752184,0.3491402854247866,-0.007844579295002298,290648.7615072322,4117884.8246692074,-1.444705158743901,-0.047803905016752184,0.4520192199004289,-0.00805972982198,1500.0,1500.0
1750848871.373895,290648.7632700039,4117884.813946023,-1.3586114761425083,-0.05218564568627758,0.36115185024284713,-0.0024345616128352713,290648.8239306245,4117884.834218498,-1.4457059538411987,-0.05218564568627758,0.44754222004213773,-0.0024959358852356672,1500.0,1500.0
1750848871.471701,290648.8149132847,4117884.8279737374,-1.358866148664558,-0.0550126012311721,0.37332861036546466,-0.0012696180050150352,290648.8774758447,4117884.8439887795,-1.4468299134768148,-0.0550126012311721,0.5119046159830617,-0.0011949805775657296,1500.0,1500.0
1750848871.5214145,290648.8149132847,4117884.8279737374,-1.358866148664558,-0.0550126012311721,0.37332861036546466,-0.0012696180050150352,290648.8774758447,4117884.8439887795,-1.4468299134768148,-0.0550126012311721,0.5119046159830617,-0.0011949805775657296,1500.0,1500.0
1750848871.5689044,290648.8660823681,4117884.843895227,-1.3589346289826838,-0.05995755594100754,0.3835850769988936,0.0008785877637845318,290648.9224190984,4117884.8650762755,-1.4475207675602821,-0.05995755594100754,0.47469090148192716,0.0009664776735007763,1500.0,1500.0
1750848871.668742,290648.9166322575,4117884.8565087933,-1.3592337627268842,-0.06035844512940891,0.3912647339080306,7.396367909970767e-05,290648.9668099472,4117884.863971323,-1.4480862342826084,-0.06035844512940891,0.4250743540768159,0.0002969450142700225,1500.0,1500.0
1750848871.7693443,290648.9628589298,4117884.8687669733,-1.3597022123956901,-0.06097389209639544,0.39291871379273274,-0.001830444337057691,290648.9937206578,4117884.8744045766,-1.4486874816769735,-0.06097389209639544,0.4041070705530323,-0.0016212807968258858,1500.0,1500.0
1750848871.8695633,290649.0088897975,4117884.880583088,-1.359913281443316,-0.06101112906380449,0.3940609245971627,0.0008199641548007374,290649.0383877098,4117884.884395849,-1.4488472591462669,-0.06101112906380449,0.34257564807711705,0.0010377082508057356,1500.0,1500.0
1750848871.9693398,290649.05287213164,4117884.892087617,-1.3605605630597122,-0.06093394400418887,0.39267212688858116,-0.004843209763695831,290649.07417658996,4117884.8946081125,-1.4486656307092438,-0.06093394400418887,0.36629562786101266,-0.004722410347312689,1500.0,1500.0
1750848872.0701952,290649.09318290884,4117884.903375959,-1.3606525721186176,-0.06112897918462907,0.38725420825124474,-0.0001241636995221004,290649.10108730017,4117884.9050413663,-1.448419020891855,-0.06112897918462907,0.3094431630032583,-6.568742537638173e-05,1500.0,1500.0
1750848872.168433,290649.13211959804,4117884.9144125613,-1.361011887199961,-0.061153374333096616,0.38097009346121485,-0.0038245929830534775,290649.1368761823,4117884.915253629,-1.448062891720187,-0.061153374333096616,0.24949901136228134,-0.0038430567365139723,1500.0,1500.0
1750848872.2694683,290649.16990294843,4117884.925226018,-1.3613176303484666,-0.061038099885476545,0.37419179881701453,-0.004135949951898832,290649.172665062,4117884.9254658935,-1.4477703976475595,-0.061038099885476545,0.2925442725241021,-0.004217995330691338,1500.0,1500.0
1750848872.3752677,290649.21044237324,4117884.935714706,-1.3613458810592207,-0.06010076447155216,0.3714304592667646,-0.0013111335373623498,290649.22621028114,4117884.935236177,-1.4474888570522955,-0.06010076447155216,0.2756836661513835,-0.001386844553053379,1500.0,1500.0
